{
  "Top_ring": {
    "indices": [
      210,
      211,
      212,
      213,
      214,
      215,
      220,
      221,
      222,
      223,
      224,
      225,
      230,
      231,
      232,
      233,
      234,
      235,
      240,
      241,
      242,
      243,
      244,
      245,
      250,
      251,
      252,
      253,
      254,
      255,
      260,
      261,
      262,
      263,
      264,
      265
    ],
    "center": [
      -4.967053879312289e-09,
      1.043081283569336e-07,
      0.6276324391365051
    ],
    "avg_radius": 0.5012717351564575
  },
  "Mid_ring": {
    "indices": [
      0,
      1,
      2,
      3,
      4,
      5,
      6,
      7,
      8,
      9,
      10,
      11,
      12,
      13,
      14,
      15,
      16,
      17,
      18,
      19,
      20,
      21,
      22,
      23,
      24,
      25,
      26,
      27,
      28,
      29,
      30,
      31,
      32,
      33,
      34,
      35,
      36,
      37,
      38,
      39,
      40,
      41,
      42,
      43,
      44,
      45,
      46,
      47,
      48,
      49,
      50,
      51,
      52,
      53,
      54,
      63,
      64,
      73,
      74,
      83,
      84,
      93,
      94,
      103,
      104,
      113,
      114,
      123,
      124,
      133,
      134,
      135,
      136,
      137,
      138,
      139,
      140,
      141,
      142,
      143,
      144,
      145,
      146,
      147,
      148,
      149,
      150,
      151,
      152,
      153,
      154,
      155,
      156,
      157,
      158,
      159,
      160,
      161,
      162,
      163,
      164,
      165,
      166,
      167,
      168,
      169,
      170,
      171,
      172,
      173,
      174,
      175,
      176,
      177,
      178,
      179,
      180,
      181,
      182,
      183,
      184,
      185,
      186,
      187,
      188,
      189,
      190,
      191,
      192,
      193,
      194,
      195,
      196,
      197,
      198,
      207,
      208,
      217,
      218,
      227,
      228,
      237,
      238,
      247,
      248,
      257,
      258,
      267,
      268,
      277,
      278,
      279,
      280,
      281,
      282,
      283,
      284,
      285,
      286,
      287
    ],
    "center": [
      -5.06639494801675e-08,
      -9.313225746154785e-09,
      -0.010231324471533298
    ],
    "avg_radius": 1.1236686675380818
  },
  "Bot_ring": {
    "indices": [
      66,
      67,
      68,
      69,
      70,
      71,
      76,
      77,
      78,
      79,
      80,
      81,
      86,
      87,
      88,
      89,
      90,
      91,
      96,
      97,
      98,
      99,
      100,
      101,
      106,
      107,
      108,
      109,
      110,
      111,
      116,
      117,
      118,
      119,
      120,
      121
    ],
    "center": [
      5.794895940880451e-08,
      8.857912803250656e-08,
      -0.6480956673622131
    ],
    "avg_radius": 0.5012711680855928
  },
  "rest_height": 1.2757280963540116
}